"Marca temporal","1.	¿Cuál crees que es el papel de un psicólogo? ","2.	¿Qué es la inteligencia emocional? ","3.	¿Qué es para ti la felicidad? ","4.	¿Qué es la depresión? ","5.	¿Por qué se puede llegar a tener una depresión? ","6.	¿Cómo podría un psicólogo ayudar a alguien que necesita ayuda pero que no quiere ser ayudado? ","7.	¿Cuáles crees que son las enfermedades psicológicas más  frecuentes? ","8.	¿Cuáles son las causas por las que crees que hay gente que se suicida? ","9.	¿Cuáles son las diferencias que crees que hay entre un psicólogo y un psiquiatra? ","10.  ¿En qué casos acudirías al psicólogo? "
"2019/05/02 11:53:31 p. m. EET","Orientar","La que te hace recordar los buenos momentos","Satisfacción por el logro","No saber afrontar el hechop","Por que no te escuchen","Animarlo educarlo que se puede conseguir","La mente del alzehimer","No afrontar que está hundido","Distintas el psiquiatra estudia el problema el psicólogo orienta","Cuando nadie me ayude"
"2019/05/03 12:28:52 a. m. EET","Salud emocional","Empatía y sentido común","Libertad y actividad","Falta de espíritu y estímulos","Respuesta 4","Manipulándolo","Ciclotimia","No encontrar salidas o sentido a la vida","Siquiatra es médico, con todo lo que implica","Inestabilidad emocional"
"2019/05/03 12:29:00 a. m. EET","Salud emocional","Empatía y sentido común","Libertad y actividad","Falta de espíritu y estímulos","Respuesta 4","Manipulándolo","Ciclotimia","No encontrar salidas o sentido a la vida","Siquiatra es médico, con todo lo que implica","Inestabilidad emocional"
"2019/05/03 12:48:31 a. m. EET","Guiar a una persona perdida para racionalizar sus pensamientos","Saber leer nuestras emociones y poder gestionarlas","Disfrutar de lo que se tiene y no tener en cuenta lo que se tuvo o se tendrá. ","No saber gestionar las emociones negativas, sin salir de un bucle del que no se ve y no se encuentra la salida","Por no saber gestionar nuestras emociones","Haciendo ver el significado de lo que dicen sus emociones y dándole confianza en sí mismo","Depresión y adicciones","Desesperación y no ver salida a los problemas","Un psicólogo te hace entender lo que te pasa y así poder decidir las salidas a tu problema. Un psiquiatra se basa más en medicación para paliar síntomas de la enfermedad mental que se tenga","Adicción, problemas de comportamiento, depresión, baja autoestima excesiva... Y por mi debería de hacerse regularmente con revisiones anuales como mínimo. "
"2019/05/03 12:51:11 a. m. EET","Ayudar","Capacidad de gestionar emociones","Estar a gusto conmigo mismo","Estar mal","Por diversos factores que alteran nuestro estado","Indirectamente","Depresión, ansiedad","Son muy distintas","El psicólogo no receta medicación","Si quisiera hablar con alguien"
"2019/05/03 3:32:41 p. m. EET","Ayudar a las personas a mejorar ante cualquier problema mental","La manera forma en que manejamos nuestras emociones ","Estar agusto con uno mismo en todos los aspectos : emociónal, físico, sentimental y mental y quererse tal cual es uno","Cuanto no te encuentras a ti mismo y no te sientes feliz o tienes inseguridad q t impide ser feliz ","Porque no tienes tu salud mental correcta y no t sientes bien contigo mismo ","A traves d test anonimos en redes sociales o preguntas abiertas en grupos ","Depresión, baja autoestima, falta de autocontrol, tendencias suicidas, problemas escolares, bulying, ","Baja autoestima, depresión, no ser felices ","El psicólogo educa lq mente mediante diferentes métodos y técnicas el psiquiatra es mas médico ","Ya he acudido, por no ser feliz conmigo misma"
"2019/05/05 2:34:03 p. m. EET","Escuchar i acer ver a la persona ke tofo lo ke ve negativo no lo es....","Saber dominar tua emociones","Cuando una persona lo ve todo positivo i tiwne todo lo ke le llena","Cuando tu estado de animo es bajo i lo ves todo negativo","Por ke su estado de animo no es positivo i todo lo ve negativo....","Si no kiete ayuda es imposible ayudarle","Depresion","Porke llegan al limite i no encuentras solucion por ningun lado","Un psiquiatra es mas mentalmente kuando la persona tiene una depresiin mas severa","Cuando  viera ke mi estado de animo no mejora i necesitara ayida de profesiinal"
"2019/05/06 8:05:04 p. m. EET","Ayudar a personas organizar su mente y emociones y ayuda a evolucionar ","La capacidad de entender sus mismos emociones y las de los otros y transformarlas y saber tratar con ellas","Compartir tiempo con seres amados , ser creativa, valorar mi misma y a otros, poder ayudar a otros , recibir","Una desesperación con sí mismo y la vida","Por circunstancias difíciles, por no cumplir sus deseos","Mostrarle entendimiento que no quiere que le ayuden","Depresión , ansiedad ","Una desesperanza con sí mismo","El psicólogo ayuda a través de conversaciones y el psiquiatra a través de pastillas","Si quiero ayuda en evolucionar conmigo mismo y veo que no lo consigo sola"
"2019/05/06 8:37:35 p. m. EET","Ayudar a gente con problemas de carácter mental","No lo se","Una sensación de bienestar y satisfacción","Una enfermedad metal grave que se caracteriza por la tristeza y la pasividad y falta de interés","Por situaciones de extrema dureza para la mente de una persona","Aconsejando a personas del círculo de amigos y familiares de la persona","Depresión, fobias...","Situaciones mentales de gravedad extrema causadas por el ámbito que rodea a la persona","El tipo de paciente y la gravedad ","En caso de depresión"
"2019/05/06 8:39:20 p. m. EET","Ayudar a las personas en los psicológicos ","Las emociones de cada momento ","Tener estabilidad en todos los sentidos","La ausencia d felicidad constante","Por no tener proposito en la vida o no alcanzar tus metas o cualquier momento personal ","No estoy capacitado para responder a eso","Depresiones","El tiempo, la falta de un propósito o no saber luchar contra los problemas ","El psiquiatra se basa más en los fármacos  y el psicólogo trata los problemas de diferente manera con diferentes terapias ","En caso de no sentirme bien conmigo mismo"
"2019/05/06 8:51:26 p. m. EET","Intentar resolver los problemas psicológicos que pueda tener una persona.","-","No necesitar/depender de algo o alguien","Un cúmulo de sentimientos negativos (apatía, tristeza, etc) que se construye a lo largo del tiempo y con el que muchas veces se crea un circulo vicioso del que no se puede salir.","Por no tener claros los objetivos en tu vida, no tener apoyo de quienes te rodean...","Haciendole creer a esa persona que no la estas ayudando, no invadiendo su espacio, pero poco a poco analizar la situacion en la que está para en un futuro poder ayudarla.","Depresión y no sabría decir más","Creo que las principales causas son la sociedad en la que vive esa persona, los estándares que se ""exigen"" para encajar en esa sociedad y por otra parte está el aspecto económico.","No sabría contestar","Personalmente no pienso que nunca voy a necesitarlo."
"2019/05/06 9:47:56 p. m. EET","Analizar y resolver problemas en Cabezas ajenas ","Gestión de emociones","Disfrutar lo que yo quiera sin que le afecte","Una enfermedad","Por no poder desarrollarse como uno quiera","Involucrándose en su entorno","Estrés","Depresión","Uno analiza el otro droga","En caso de haberme estancado y no saber que hacer"
"2019/05/06 10:02:41 p. m. EET","Follar a los clientes","Saber provocar un buen orgasmo","Lo anterior","Cuando no follas","No tener con quien follar ni dinero para tal","Un striptease ","La homofobia ","No tienen sexo","¿Todo? ","Si se extinguen las mujeres"
"2019/05/06 10:06:10 p. m. EET","Ayudar a tratar problemas relacionados con la salud mental","La capacidad de gestionar tus emociones","Disfrutar de lo que se tiene, material o no","Estado mental en el que no se es capaz de ver nada positivo","Muchos factores, supongo. No sabría responder","Tendría que cambiar la visión de la sociedad con respecto a los psicólogos, pero no es tarea del psicólogo en sí","Depresión y esquizofrenia","Depresión, bullying o por motivos económicos","Que un psiquiatra se relaciona con enfermedades mentales crónicas que necesitan de medicación ","En el caso de que no supiera gestionar mis emociones o sintiera que algo no está bien en mi cabeza"
"2019/05/06 10:23:16 p. m. EET","Ayudar a entender las emociones y enseñar técnicas para superar problemas","Ver las emociones de las personas y ponerse en su lugar ","No tener que preocuparte por las cosas","Sentimiento de que eres inútil y no puedes hacer nada ","No conseguir metas ","Enseñándole técnicas para que las aplique el por su cuenta ","Ansiedad","Decepción ","Que los psiquiatras pueden medicar y los psicólogos no ","Cuando no supiera afrontar los problemas que tuviera "
"2019/05/06 11:00:43 p. m. EET","Ayudar a las personas a determinar las causas de los problemas emocionales que están impidiendo que esa persona pueda sentirse realizada y proporcionar consejos sobre cómo afrontarlo","La capacidad del individuo de gestionar sus emociones para mantener un estado mental estable","El punto donde tus necesidades están cubiertas y dispones de tiempo para dedicar a tus hobbies y/o a tu desarrollo personal","Un estado mental donde al no poder encontrar salida a una situación traumática o de mucho estrés la mente ataca al propio individuo como medida de escape exteriorizando un estado de ánimo negativo para que sea más sencillo encontrar empatía de otras personas","Por una situación traumática, estrés o una serie de eventos negativos que destruyan la situación de estabilidad del individuo","Utilizando medios más indirectos sobre cómo aconsejar al individuo haciendo que esté vea por si mismo los problemas o utilizando alguna persona en la que aún confíe el individuo","Depresión y trastornos de la personalidad","Principalmente la soledad, la falta de objetivos y como salida a una situación que el individuo piensa que no puede superar de ningún modo","Aparte de la especialización, que el psiquiatra si puede recetar medicamentos mientras que el psicólogo no","En caso de llegar a una situación límite donde mis emociones están desequilibradas agravando más aún la situación"
"2019/05/06 11:23:11 p. m. EET","Guiar a personas que necesitan ayuda","La capacidad para controlar tus emociones??","Estar en paz conmigo mismo y los demás","Un estado en el cual no estás en equilibrio mental","Falta de estabilidad emocional","No podría","Toc y depresiones?","Porque no ven una salida a su situación","Un psiquiatra es un médico especializado en enfermedades mentales","En casos de inestabilidad emocional continua"
"2019/05/06 11:26:10 p. m. EET","imprescindible en la sociedad actual, donde parece que solo existe el concepto material y donde los individuos se encuentran perdidos.
en la mayoria de casos el tratamiento farmacologico es imprescindible pero el psicologico tambien. ","la capacidad de ver y percibir las emociones de los demás.","no es un estado continuo de placer, sino alcanzar ciertos objetivos materiales, pero sobre todo objetivos personales, entre los que debe de encontrarse un circulo social pleno","la consecuencia de unos cambios fisiologicos que pueden tener su origen en la propia fisiologia patologica o congenita o bien puede ser el resultado de la vivencia social y diferentes traumas","vacio existencial, una negacion a una realidad ( ruptura, muerte de un ser querido, etc) ","no creo que pueda","depresion","una depresion muy profunda y prolongada en la cual el individuo creee que no hay salida posible","un psiquiatra es un medico especializado en la farmacologia de las enfermedades psicologicas y un psicologo es el especialista de la mente","sobre todo en momentos de apatia y desgana personal"
"2019/05/06 11:33:07 p. m. EET","Ayudarte a comprender y a saber gestionar tus emociones para que en un futuro puedas hacerlo por tu cuenta. ","La capacidad que tiene una persona para gestionar sus emociones ","Un estado emocional beneficioso para nosotros,  en el que estamos bien ","Es una enfermedad muy seria que hay que tratar con ayuda de un profesional,  ya que puede conllevar a situaciones MUY graves. ","Por muchísimos factores,  traumas,  estrés,  incapacidad de gestionar los problemas,  etc.  ","Si una persona no quiere ser ayudada es muy difícil encontrar una solución ","Depresión,  fobias,  tocs ","Hay diversas causas,  algunas veces es porque el entorno en el que estaba esa persona era una pesadilla constante (por ejemplo bullying) y no logró conseguir la ayuda que necesitaba para ser feliz. ","Un psiquiatra trata casos más ""complicados"" (por ejemplo una persona que sienta la necesidad de matar)  ","Realmente creo que todo el mundo deberia ir a un psicólogo,  pero si tengo que decir algún caso sería cuando tuviese depresión o algún trastorno (creo que son los casos más ""importantes"" a tratar) "
"2019/05/06 11:35:50 p. m. EET","Dar solución a aquellos trastornos emocionales que escapan al control de otras disciplinas médicas","Un nivel superior de inteligencia, capacidad empática, de entender a los demás, de ver más allá del propio ego, de ampliar horizontes. Es quizás una de las más importantes cualidades de un individuo","Comodidad, ausencia de sufrimiento","Una enfermedad diagnosticable, un sentimiento constante de apatía que deriva en insomnio u otros trastornos","Por someterse a excesiva presión, a una rutina insatisfactoria, por creer que no se están cumpliendo necesidades o alcanzando triunfos o éxitos personales","El primer paso debería ser guiarle sutilmente hasta que llegue por sus propios medios a la conclusión de que sí necesita ayuda","Depresión, situaciones traumáticas, trastornos sexuales (pederastia, adicción)","Desapego por la vida, sienten que no tienen nada que perder, y que la vida nada les aporta","En si la ""dolencia"" es un trastorno, o algo más bien clínico","En cualquier situación que escapara a mi control, algo que ni familia ni amigos puedan ayudar a superar"
"2019/05/07 4:36:39 p. m. EET","ayudar a personas con problemas psíquicos","L
la capacidad de tener compasión con otros","estar contento/a","falta crónica de ganas de hacer algo","decepción, desesperación","dar esperanza y valor de una manera sutil","depresión, esquizofrenia, psicosis","desesperación, no ver otra salida","Un psicólogo ayuda en general, un psiquiatra se fija en una manía concreta.","no sé"
"2019/05/07 6:37:43 p. m. EET","Ayuda emocional","Ni idea","Eso es relativo","Estado mental en negativo","Por muchas razones","No soy psicólogo","No lo se","Depresión","No lo se","Nunca"
"2019/05/07 8:42:11 p. m. EET","Orientador y apoyo ","Aquella capacidad que tiene la persona para empatizar y comprender a los demás a través de sus capacidades ","La armonía y estabilidad de una persona ","Un mal momento de una persona debido a algún factor personal que le ha afectado ","Por diversos problemas de estrés, ansiedad o simples problemas personales ","Aconsejándolo indirectamente y darle pautas necesarias ","Depresión, ansiedad, estrés ","Por qué realmente estar tan mal mentalmente como físicamente con ellos mismos que piensan que es la mejor salida ","Uno aconseja y apoya y otro trata y medica ","En cualquier momento, pienso que todos necesitamos un psicólogo a lo largo de nuestra vida "
"2019/05/07 8:57:21 p. m. EET","Ayudarme ","Inteligente en manejar emociones","La dulce tranquilidad","Una sensación ","Por no encontrar solucion a un problema","Ganando su confianza y amistad ","Depresion estres","Depresion soledad incomprensión ","El segundo es medico especializado en salud mental el segundo estudia psicología ","Trastornos mentales a los que no encuentro solucion"
"2019/05/07 9:13:31 p. m. EET","Ayudar a las personas en momentos difíciles emocionalmente ","Es lo que nuestras emociones y sentimientos pueden demostrar ","Es sentirme pleno y satisfecho en todos los sentidos","Estado de tristeza motivado por algún episodio o momento delicado en tu vida ","Por la tristeza ","Insistiendo en querer ayudar a esa persona con la palabra ","Depresión, tristeza ","La principal por no encontrar sentido a la vida ","Psicólogo: persona que ayuda a otra con un estado de ánimo bajo y lo hace con terapias mediante la palabra
Psiquiatra: Médico que trata la depresión y tristeza de una persona mediante tratamiento médico ","En caso de una tristeza y depresión aguda"
"2019/05/07 9:21:42 p. m. EET","Crear opinion","La capacidad de administrar emociones","No la he conocido","Un cumulo devsituaciones irresolubles","Por no saber orientar tus problemas","Creo q no puede","Depresion y desorientacion emocionales","Por no saber sobreponerse a sus problemas, y carecer de voluntad de luchar","Un psiquiatra trata enfermedades de la mente y un psicologo es capaz de encauzar y orientar con la terapia","Ante la absoluta desesperacion de caracter"
"2019/05/07 9:25:46 p. m. EET","El Médico del alma ","Saber expresar  o no expresar cuando nosotros queramos nuestros sentimientos buenos o malos ","La tranquilidad del alma ","Enfermedad del alma ","Por no tener conciencia de decir ya!!","Con paciencia y sabiduría emocional ","Ansiedad , depresión ","Lo ves todo negro y sin salida  y zas .....químicamente tiene que haber algo que no seas tú ","Psicólogo especialista que intenta Dar explicación o un por qué a la enfermedad del alma y psiquiátra persona que intenta  curar ese alma químicamente principalmente ","Llegado un día y te acuestas y no eres feliz contigo mismo"
"2019/05/07 9:29:58 p. m. EET","La salud mental","La capacidad de empatizar con las personas y sus situaciones","Un momento muy concreto que intentas que se repita continuamente","La falta total de ilusión y posibilidades","Por la falta de confianza","Recuperando la confianza de la persona con ejemplo emotivos","La depresión y la ansiedad","Piensa que con ello todo será mejor","Uno médica la mente el otro recupera la mente","Ante la falta de ilusion"
"2019/05/07 9:31:10 p. m. EET","Inportante","La capacidad de gestionar nuestras emociones","El estar agusto contigo mismo ","El no estar agusto.contigo mismo ni nada de lo que te rodea ","Cualquier cosa puede generarla ","Atraves de la.confianza","Depresión","La.incapacidad de manejar su.vida y sus emociones","El psiquiatra receta pastillas","Cuando no sepa manejar mis emociones y piense que necesite ayuda"
"2019/05/07 9:33:47 p. m. EET","Orientar y ayudar a personas que estén pasando por problemas psicológicos mediante terapias.","La capacidad de controlar las emociones.","Un estado de plenitud en el que te sientes agusto  contigo mismo y el exterior.","Estado emocional en el que la negatividad se apodera de la mente.","Por cambios bruscos en la vida de alguien o estrés.","Diciendole en que y como puede ayudarle para que vea que todo tiene solución, siendo muy progresivo.","Depresión, tdah, trastorno bipolar, esquizofrenia..","Pasan por un momento mental tan insufrible que no ven otra salida.","El psiquiatra es un médico y por lo tanto puede recetar, un psicólogo no.","En casos en los que estuviese perdido mentalmente como rupturas sentimentales, o malestares continuos como el estrés."
"2019/05/07 9:37:06 p. m. EET","Proporcionar terapias de ayuda para mejorar la vida de las personas con problemas en diferentes ámbitos; personales profesionales, familiares, etc...","Saber equilibrar los sentimientos en general.","Un estado personal que me aporta satisfacción y alegría.","Un estado del ser humano en el cual no controla sus emociones ni su ritmo normal de vida.","Los motivos creo que pueden ser producidos por situaciones duras, tristes o trágicas, o tal vez por razones que aparentemente no son perceptibles por el ser humano.","Difícil planteamiento. Debe convencer a su paciente para que pruebe y lo intente, debe tratar de captar su atención y de empatizar con el/ella. Debe transmitir que su ayuda le puede servir para mejorar su estado.","Soledad.
Tragedia.
Depresión.
Tristeza.
Fracaso.
","No valorarse como persona.
Decepción de la vida.
Fracaso rotundo.
No superar una enfermedad, o una situación trágica.","El psicólogo trata","Las dos diferencias principales para mí son: el psiquiatra estudia la carrera de medicina y el psicólogo la carrera de psiquiatría.
El psiquiatra trata las enfermedades mentales y el psicólogo trata los ajustes de las emociones, las conductas y la salud mental desde una forma externa."
"2019/05/07 9:39:25 p. m. EET","Intentar de entender desde un punto objetivo a otra persona ","La capacidad de una persona de hacer frente a situaciones que traspasan lo físico y se centra en lo que te mueve la cabeza","Conjunto de emociones positivas que en un momento determinado te hacen tener una buena actitud frente a la vida","Estado mental en el que te resulta imposible salir pues todo es negro y no ves el final","Para cada persona por un motivo diferente, incluso lo más mínimo puede desencadenarla","Con terapias que no sean las mismas de sentarlo a que hable","Anorexia, depresión","Depresión","El psiquiatra trata con gente que no sabe lo que hace o por qué lo hace y no suelen ser ellos quienes buscan la ayuda, el psicólogo es más con gente que necesita la ayuda y la pide","En el momento en el que necesite hablar con alguien de más allá de mi entorno, ya que no lo veo como algo malo sino como algo necesario "
"2019/05/07 9:58:40 p. m. EET","Escuchar y asesorar ","Son los sentimientos que produce tu mente ","Todo este bien a mi alrededor, sentirme querida y tener Salud todo el mundo ","Es tristeza, pensamientos negativos y no poder controlar tu mente en algunos momentos ","Porque no te encuentras muy estable emocionalmente u cualquier factor externo té puede influir negativamente o por algún tipo de fobia que no superas","Intentando conversar con él y diciéndole pasos a seguir y el propio paciente se dará cuenta que es lo mejor además de adaptarse al paciente en cierto modo","Trastornos de la personalidad, fobias o algún tipo de problema familiar o de pareja ","Porque no le damos una normalidad a ir al psicólogo pensamos que si vamos es porque estamos locos no locos y esta mal visto socialmente ","Un psicólogo no puede medicar y un psiquiatra si ","Actualmente pienso que en cualquier momento que tenga un problema y me empiece agobiar más de la cuenta Y no sea capaz de solucionarlo sola "
"2019/05/07 9:59:43 p. m. EET","Ayudar","No lo se","Amor","Tristeza","Por acumulacion de no estar agusto con nadie ni contigo","Aclarar la realidad y ayudar a ver la luz","No conozco enfermedades psicologicas","Nada de autoestima","Cada uno se especializa en distintos niveles","Los que lo recurran, es algo comun"
"2019/05/07 10:03:58 p. m. EET","Ayudar a una persona cuando su estado de ánimo no es el normal.","Capacidad de alguien para resolver oos problemas","Sensación de bienestar en una persona ","Trastorno negativo en el estado de animo de una persona ","Por factores de estrés y pensamientos negativos. ","Haciéndole entender que no esta para cuestionar sus pensamientos ","Ansiedad, fobia","Pensamiento de que no le importa a nadie. Que es una carga. La incapacidad de resolver los conflictos. ","En el tratamiento de los problemas ya que un psiquiatra se ocupa de los más severos y deben usar fármacos. Y un psicólogo usa metodos menos invasivos como los hábitos de conducta.","Ansiedad, trastornos de fatiga emocional "
"2019/05/07 10:05:25 p. m. EET","Ayudar a mejorar la salud mental del paciente y a gestionar las emociones ","Saber identificar y gestionar tus emociones","Un estado de plenitud total","Es una enfermedad psicológica que deriva a un estado de tristeza permanente y profundo","Problemas de autoestima, algún suceso que te haya afectado mucho o simplemente porque eres una persona depresiva, básicamente se podría resumir en una baja inteligencia emocional ","Pues primero dejándole ver que necesita ayuda ","Depresión y ansiedad","Por no verle sentido a la vida, son personas que no tienen una buena salud mental","Un psicólogo ayuda a gestionar las emociones y un psiquiatra trata más las enfermedades mentales a nivel médico","Cuando viera que no estoy gestionando bien las emociones y que no puedo mejorarlo sola y que eso me afecte a mi día a día "
"2019/05/07 10:07:09 p. m. EET","Ayudarte a organizar las ideas de tu cabeza e identificar tus emociones ","La autoestima, autonomía, responsabilidad y empatía","Un estado utópico ","Una tristeza que te impide realizar tus actividades cotidianas, y no sólo tristeza, sino también falta de autoestima, ansiedad, insomnio... ","No ver la solución a una situación en tu vida ","No creo que pueda ","Ansiedad y depresión ","No ven la salida a su situación actual y creen que el mundo sería mejor sin ellos en él ","El psiquiatra es un médico que te receta medicamentos para combatir tu enfermedad psicológica, el psicólogo te hace terapia ","Cuando sea incapaz de solucionar y organizar las ideas que hay en mi mente "
"2019/05/07 10:35:04 p. m. EET","Eatudiar la conducta de un paciente y velar por su salud mental ","Saber gestionar las emociones ","Aceptación ","No saber gestionar los pensamientos y emociones negativas","Cúmulo de problemas y experiencias negativas","","Ansiedad y depresión ","No se dan cuenta de que su salud mental está en peligro y no buscan ayuda, principalmente porque no saben que tienen un problema de salud mental. ","Un psicólogo estudia la conducta y un psiquiatra es un médico que trata el problema con tratamiento farmacológico. ","En caso de que viera que un psiquiatra no tiene forma de paliar mis síntomas con medicamentos "
"2019/05/07 10:56:57 p. m. EET","Ayudar en nuestros problemas y situaciones, complicadas para nosotros, para saber llevarlas lo mejor posible según cada persona ","El saber llevar bien y sin undirno con los problemas que nos surjan en la vida ","Estar agusto con todo que nos pase ","Un estado de malestar y no saber cómo salir de ello ","Al no saber salir de los problemas y vivir en bucle ","Me parece muy difícil, pues para salir hay que quererlo. 
Supongo que la manera de ayudar seria la insistencia y paciencia ","La depresión ","Porque no encuentran salida de sus problemas y se sienten muy perdidas","Los medicamentos ","Cuando por mi misma no supiera salir de mi problema "
"2019/05/08 12:10:21 a. m. EET","Escuchar e intentar ayudar a superar los problemas de sus pacientes.","Es saber gestionar las distintas emociones.
","Estar bien consigo mismo y consegir lo que deseas en la vida.","Al estado al que se llega cuando no sabemos enfrentarnos a los problemas que se nos presentan.","Cuando hay un cambio brusco en tu vida y no eres capaz de asimilarlo y adaptarlo a tu vida.","Convenciendole de que es muy bueno  contar los problemas y expresar los sentimientos. ","Las depresiones. ","Cuando no puedes aguantar la vida que llevas y te ves incapaz de cambiarla.","El psicólogo soluciona los problemas mediante consejos y los psiquiatras mediante medicamentos que controlan el estado de ánimo. ","Cuando tuviese algún problema que no fuese capaz de superar o no encontrase a nadie con quién compartirlo para que me ayude a superarlo."
"2019/05/08 12:11:23 a. m. EET","Escuchar e intentar ayudar a superar los problemas de sus pacientes.","Es saber gestionar las distintas emociones.
","Estar bien consigo mismo y consegir lo que deseas en la vida.","Al estado al que se llega cuando no sabemos enfrentarnos a los problemas que se nos presentan.","Cuando hay un cambio brusco en tu vida y no eres capaz de asimilarlo y adaptarlo a tu vida.","Convenciendole de que es muy bueno  contar los problemas y expresar los sentimientos. ","Las depresiones. ","Cuando no puedes aguantar la vida que llevas y te ves incapaz de cambiarla.","El psicólogo soluciona los problemas mediante consejos y los psiquiatras mediante medicamentos que controlan el estado de ánimo. ","Cuando tuviese algún problema que no fuese capaz de superar o no encontrase a nadie con quién compartirlo para que me ayude a superarlo."
"2019/05/08 12:38:57 a. m. EET","Ayudar a sus pacientes a superar enfermedades mentales (anorexia, ludopatía...) o aprender a convivir con ellas lo mejor posible (depresión, TOCs...).","La capacidad de una persona de exteriorizar sus emociones de acuerdo a la situación, por respeto a los demás o por educación.","La ausencia de preocupaciones.","Una enfermedad mental que impide que quienes la padecen sientan ninguna motivación o interés por nada (trabajar, salir a la calle, relacionarse con los demás, salir de a cama...). Provoca una sensación de inutilidad que realimenta dicha falta de motivación. ""Estar deprimido"" no es para nada ""tener depresión"".","Pérdida de un ser querido, fracaso profesional o sentimental, etc. Depende de la persona, no todos reaccionamos igual ante las mismas situaciones.","Hay que convencer a esa persona de que necesita ayuda. Una enfermedad mental no puede curarse o paliarse sin la colaboración del paciente.","Ansiedad, depresión, anorexia, ludopatía y vigorexia. El bullying no es una enfermedad, pero también es frecuente.","Convicción de que nunca van a salir de una situación que los supera (acoso, soledad, una enfermedad mental...) o de que son totalmente prescindibles (desprecio en casa y en el trabajo, etc.).","Un psicólogo ayuda al paciente a adoptar la conducta y actitud adecuada para superar una enfermedad mental. Un psiquiatra receta al paciente medicamentos que palien los efectos de dicha enfermedad. Lo ideal es combinar la ayuda de ambos.","En caso de padecer algunaalgún enfermedad mental que me afecte negativamente en mi entorno personal o laboral."
"2019/05/08 8:44:18 a. m. EET","Orientar y gestionar una situación","Saber controlar tus impulsos y emociones","El bienestar mío y de los que me rodean","Una situación en un momento determinado","Por no saber gestionan estado emocional","Haciéndole ver qué su estado afecta a su salud","La depresion, el estado emocional","Por no saber controlar su estado emocional","El psicólogo te orienta te ayuda, el psiquiatra te estudia y  trata tú patología","Cuando mi mente no pueda controlar mi estado emocional"
"2019/05/08 8:44:56 a. m. EET","Orientar y gestionar una situación","Saber controlar tus impulsos y emociones","El bienestar mío y de los que me rodean","Una situación en un momento determinado","Por no saber gestionan estado emocional","Haciéndole ver qué su estado afecta a su salud","La depresion, el estado emocional","Por no saber controlar su estado emocional","El psicólogo te orienta te ayuda, el psiquiatra te estudia y  trata tú patología","Cuando mi mente no pueda controlar mi estado emocional"
"2019/05/08 9:08:05 a. m. EET","Ayuda a superar cualquier malestar o trastorno en tu vida","Capacidad de manejar o comprender nuestras propias emociones","Cuando alcanzas tus meta ,deseos en la vida"," un trastorno emocional o estado de animo","Por un mal momento en tu vida","","La asidas,el estres","Incapacidad de afrontar los problemas","","Cuando caiga en una gran tristeza y sea incapaz de salir y afrontar el problema"
"2019/05/08 9:13:41 a. m. EET","Ayudar a la persona que se encuentra mal","Emociones, sentimientos ","La felicidad total no existe","Estado anímico bajo","Falta de autoestima ","Es difícil si la persona no colabora","Depresión ","Ha caído en una fuerte depresión y no sabe como salir","Psicólogo te ayuda a entender las cosas y psiquiatra te medica","Me costaría ir al psicólogo "
"2019/05/08 9:17:13 a. m. EET","El de auxiliar a un paciente en la medida de lo posible que recurre a él para superar algún posible trastorno psicológico que le haya causado alguna situación o experiencia. ","Es la capacidad de gestionar las emociones en pro de tu bienestar y salud mental. ","Es el estado al que todo el mundo aspira y, tal aspiración, la que nos causa problemas de salud mental. Para mí son los momentos de tranquilidad cuando acaban episodios en los que no he gestionado precisamente las emociones malas. Para mí, sería sensación de satisfacción académica, tener salud y sobre todo estar en paz y sin conflicto con mi familia y que todos estuvieran absolutamente bien. ","Es una enfermedad mental que hace que sufras episodios depresivos, con características que pueden reflejarse desde un dolor físico, calambres, hasta ataques de pánico, ansiedad o pensamientos suicidas. ","Por motivos tan diversos como personas. Problemas laborales, de salud, familiares... a veces no hay motivo ni siquiera aparente. ","De manera indirecta, quizá el primer paso sería hacerle ver poco a poco que tiene la capacidad de hacerlo. ","Depresión, ansiedad, trastorno de la alimentación, TOC... ","Trastornos mentales como depresión.","El psicólogo hace terapia y trata desórdenes mentales desde el campo de la psicología, valga la redundancia. El psiquiatra lo hace desde el campo fisiológico, además es médico y tiene la posibilidad de complementar su terapia con medicamentos. ","Cuando pierdo el control y la gestión emocional de manera enfermiza, no como algo cotidiano como nos pasa a todos y a mí muchas veces. Eso se refleja en estados de ansiedad y paranoia por todo, aunque siempre pienso que nunca estoy lo suficientemente mal para hacerlo . "
"2019/05/08 9:56:00 a. m. EET","A yudar a las personas","Saber controlar tus emocianes","Que todo este bien","Sentirse muy triste, por algo","Por tener un problema, y no encontrar salida","Pues simulando que tiene el mismo problema y pidiendole consejos de dicho problema ","Bipolaridad, ","Por no encontrar sentido a su vida","La diferencia es que el psiquiatra puede recetar fármacos, y el psicólogo no. ","Yo creo que en ninguno"
"2019/05/08 10:05:28 a. m. EET","Ayudar","Saber controlar las emociones","Momentos","No controlar la mente ","Por estrés, por situaciones adversas de salud, trabajo, etc","Ganándose su confianza","Depresión, falta de autoestima, miedos, ansiedad, etc.","Por no controlar la mente y poder esta con la voluntad de la persona","Que uno utilizan fármacos va el otro no","Por estar mal psicológicamente y no ser capaz de controlar la situación solo"
"2019/05/08 10:09:56 a. m. EET","Evaluar los factores que provocan problemas en nuestras vidas","La capacidad para interpretar nuestras emociones","No tener ningún problema que influya en tu vida diaria .","Trastornos en tu estado de ánimo que interfieren en tu vida diaria","Por el cúmulo de problemas sentimentales y de ánimo.","Es muy difícil ayudar a alguien que no quiere ser ayudado,habría que intentar acercarte poco a poco empatizando con el .","Esquizofrenia,fobias,trastornos ","Porque no pueden controlar sus sentimientos y su estado de animos","El psiquiatra estudia medicina y se especializa en enfermedades mentales. El psicólogo estudia psicología y se especializa en salud mental.","Si tienes problemas emocionales que influyen en tu vida diaria es hora de visitar a un psicologo"
"2019/05/08 10:23:41 a. m. EET","Ayudar a las personas en sus problemas mentales y a encontrar la solución.","No lo sé exactamente.","La paz interior. Tranquilidad mental.
","Enfermedad mental.","Creo que influyen muchas problemas que puedes tener y no eres capaz de resolver.","Con paciencia, haciéndole ver qué puede tener solución.","Depresión, ansiedad, fobias, trastorno bipolar...","No lo sé. Algo grave tiene que pasar por la cabeza y no ver salida.","Psiquiatra utiliza medicamentos y psicólogo no.","En cualquier caso que necesitara ayuda para salir de algún problema"
"2019/05/08 10:58:50 a. m. EET","Evaluar la situacion de la persona y orientar a la misma para solucionar o sobre llevar dicha situacion de una forma positiva sin que le cause ansiedad, angustia...","Capacidad que tenemos para comprender, manejar y controlar nuestras emociones.","Es estar rodeada de mis seres queridos.","Una enfermedad o trastorno mental que causa tristeza cuando una situacion te supera y te lleva a no tener ganas de vivir, a tener una baja autoestima, etc.","Por la perdida o enfermedad de un familiar; bolling...","Dialogando con esa persona, ademas de pedirle colaboracion algun familiar muy cercano para que entre en razon y se deje ayudar.","Trastornos de espectro autista, ansiedad, deficit de atencion e hiperactividad."," No tienen un control de su  inteligencia emocional.","El psicologo tiene la carrera de psicologia y el psiquiatra tiene la carrera de medicina y luego se especializa en psiquiatría. 
El psiquiatra por ejemplo trata a las personas que tienen problemas mentales mas graves como la esquisofrenia y el psicologo trata problemas menos graves.","A la superacion de las inseguridades.
A superar una perdida.
Afrontar algun problema.
Para pedir que ayude algun familiar o amiga/o."
"2019/05/08 11:27:58 a. m. EET","Ayudar y fomentar una buena salud mental","Conocer y discriminar bien las emociones propias y las de los demás","Pequeños momentos que hacen que te sientas vivo, alegre, querido, satisfecho...","Un estado de insatisfacción continuo en el que se siente que falta o sobra algo y que limita la vida cotidiana en cierta medida ","Por una mala gestión de las emociones y situaciones, por ejemplo","Quizás insinuando pautas sin que sean muy evidentes para que no favorezca el rechazo por parte de la persona que necesita ayuda","Depresión, ansiedad y trastornos de conducta","Se han hallado sobrepasados por la falta de autocontrol y han tenido un entorno que no ha ayudado o intervenido de manera correcta","El psicólogo es más bien a nivel psíquico (gestión de emociones, de conductas, de pensamientos...) y el psiquiatra más a nivel biológico (regulación del cerebro y de impulsos nerviosos a través de fármacos)  ","En el caso en el que mi salud mental se desestabilizara por algo que no se gestionar y que empieza a afectarme en mi día a día"
"2019/05/08 11:48:46 a. m. EET","Ayudar a las personas","La capacidad que tiene una persona de conocer sus emociones","Es un estado óptimo de bienestar físico, social y psicológico","Una enfermedad psicológica que posee una persona al no tener un estado óptimo de bienestar físico, social y psicológico","Por un cúmulo de circunstancias o por algún shock emocional que haya cambiado tu vida drásticamente","Haciéndole ver que su ayuda le va a hacer ver las cosas desde otro punto de vista distinto y que le va a beneficiar","Depresión
Insomnio
Síndrome de asperger
Abstinencia/Dependencia 
Persona maniática","Por enfermedades como la depresión ya que son incapaces de ver lo positivo de la vida ","Psicólogo: ayuda a las personas, trata enfermedades psicológicas escuchando y dando consejos
Psiquiatra: ayuda a las personas que tienen síndromes graves con medicamentos porque no tienden a razón","Si tuviese la autoestima baja, algún problema familiar que no me dejase hacer mi vida normal, si necesito desahogarme y escuchar consejos de una persona, para superar alguna muerte, etc."
"2019/05/08 1:14:22 p. m. EET","Apoyo, guia","No se....similar a la empatia, pero pudiendo controlar las emociones","Vivir","Apatia generalizada","No hace falta algo muy grande...depende de cada uno. Un shock emocional por el motivo que sea","Poco a poco, haciendole ver que esun amigo que quiere ayudat","Depresion","Depresion. No ven una salida a sus problemas","Psicologo usa principalmente la palabra. Psiquiatra te medica en cuanto puede","Siempre que fuese necesario"
"2019/05/08 1:55:21 p. m. EET","Ayudar a personas a resolver problemas o enfermedades mentales o relacionadas con sentimientos  o emociones, conductas o dolencias, etc..","La manera de saber como comportarse ante determinadas emociones o sentimientos y como gestionarlos.","La ausencia de dolores físicos, miedos, soledades e incertidumbres.","En mi caso una inexplicable e infinita tristeza, en donde todo es negativo. Caer en un pozo profundo y oscuro, donde crees que nadie puede ayudarte.","Por excesos de trabajo, por la soledad, por estres, tambien por situaciones de dolor físico.","Pues supongo que con medicamentos o haciendole ver a traves de la familia o allegados la necesidad de consultar con profesionales, no sabría decir muy bien como.","Pues creo que algunos tipos de fobias, depresiones , los trastornos obsesivos compulsivos, etc.","Pues creo que el estado de desesperación causado por una mala gestion de las emociones, desarrolla una absoluta anulación de la voluntad para seguir viviendo.","No muy bien, creo que el psicologo abunda más en tratamientos de relaciones personales, aconsejando y buscando el/los problemas interactuando con el paciente. El psiquiatra creo que estudia en el tipo de patología de manera más farmacológica y menos terapeuta, pero afortunadamente no tengo experiencias y  no lo se.","Pues algún sentimiento de tristeza o enfado prolongado en el tiempo  y que no pueda gestionar por mi mismo o algún dolor atipico que no se cure acudiendo al medico de cabecera, etc.."
"2019/05/08 2:21:59 p. m. EET","Orientar a las personas para que entiendan y superen cada situación preocupante que atraviesan en la vida","La capacidad para adaptarse a los cambios y aceptarlos ","Estar a gusto con uno mismo lo primero, y con el entorno en segundo lugar","Estado de ánimo donde todo se ve negro y se te hace cuesta arriba","Estar descontento con uno mismo o con algún aspecto importante de tu vida","Creo que no es posible","Depresión, esquizofrenia","No tienen ayuda para atravesar una situación que les supera","El psicólogo escucha y orienta sin ayuda de fármacos. Y el psiquiatra, medica al paciente para mejorar su salud mental","Cuando no puediera superar sola un mal momento que se prolongase y me bajara el ánimo"
"2019/05/08 2:41:32 p. m. EET","Ayudar a las personas con problemas de salud mental. No necesariamente enfermedades como depresión sino también problemas de autoestima, gestión de problemas, etc. ","Es la capacidad de una persona para reconocer sus emociones y autoregularlas. ","Enfocar la vida desde la perspectiva correcta y disfrutar a pesar de. ","Es un trastorno que provoca que tengamos una percepción distorsionada de la realidad de forma que todo sea negativo, no encontremos soluciones... Realmente creo que se produce por la falta de alguna sustancia tipo serotonina o algo así. ","Puede haber desencadenantes como algún hecho traumático. ","Intentando que sea consciente de su problema en primer lugar, a través de familiares, amigos... ","Depresión, ansiedad","Supongo que por depresión en la mayoría de casos, al no ver solución ni salida y tener una percepción sesgada pueden creer que solo pueden acabar con su vida y como no son conscientes de las consecuencias para otros sino que están sumidos en su tristeza pues... ","El psiquiatra trata a pacientes también con medicamentos. ","En cualquiera de los casos anteriores. "
"2019/05/08 2:47:23 p. m. EET","Terapia mental ","Capacidad para adaptarte a las situaciones","Disfrutar de las pequeñas cosas","Estado de ánimo","Por la falta de serotonina","Profundizando hasta llegar a el","Depresión, ansiedad","Depresión","El psicólogo es para terapia y el psiquiatra para tratamiento con medicamentos","En cualquier alteración de la mente"
"2019/05/08 4:04:38 p. m. EET","Ayudar","","Tener salud","Una tristeza inmensa","Por muchos motivos desde el trabajo salud. Etc","Hablando con él y su familia apoyandole","La depresión","Por depresiones graves y problemas de dinero","El primero creo que trata más los problemas familiares etc y el segundo son más problemas de cabeza","Con problemas de hijos   familiares etc"
"2019/05/08 4:05:17 p. m. EET","Ayudar","","Tener salud","Una tristeza inmensa","Por muchos motivos desde el trabajo salud. Etc","Hablando con él y su familia apoyandole","La depresión","Por depresiones graves y problemas de dinero","El primero creo que trata más los problemas familiares etc y el segundo son más problemas de cabeza","Con problemas de hijos   familiares etc"
"2019/05/08 7:16:04 p. m. EET","Ayudar a las personas a mantener una buena salud mental","Creo que es un conjunto de técnicas utilizadas para mantener un buen equilibrio mental. La verdad que no lo sé muy bien","Un agradable estado de bienestar general","Un estado de malestar continuo y de sensación de que nada nos sale bien","Por una posible situación de problemas continuados y a los que no pensamos que haya solución. En ese estado todo nos supera","Supongo que habrá técnicas en las que a la persona se le esté ayudando sin que llegue a darse ni cuenta ","Pues depresión, ansiedad, falta de autoestima, por ejemplo","Porque estén en una situación en la que vean que esa pueda ser la única vía de escape, o personas desilusionadas con la vida que llevan en general y que no tienen ninguna motivación para vivir","Pues la verdad que no lo sé. Siempre he pensado que el psiquiatra trata enfermedades mentales más graves (que requieran incluso posibles internamientos en centros especializados)","Cuando me encontrara en una situación que yo estime que se me escapa de mi control, que me supera y vea que me causa ansiedad, malestar, me impida dormir bien, o incluso llegue a afectarme en mis relaciones con los demás"
"2019/05/09 5:59:58 p. m. EET","Ayudarnos a resolver un problema q no sabemos afrontar","Mi varolacion d las cosas positivas vividas","Para mí la felicidad es ver bien a mi familia . Disfrutar d los pequeños momentos en familia.Y disfrutar d las cosas sencillas","Enfermedad del alma","X no ser FELIZ","Es muy difícil ayudar a alguien q no quiere ser ayudado","Depresión","Depresión","Psicólogo estudia más sicología y psiquiatría estudia patología d salud mental","Depresión"
"2019/05/09 6:00:04 p. m. EET","","","","","","","","","",""
"2019/05/09 6:51:04 p. m. EET","Restaurar la salud mental del paciente","La capacidad de la persona en diferenciar las emociones","La salud y bienestar de la familia","Estado negativo de la mente","Múltiples factores, malas rachas ","Llegar al fondo del problema","Depresión, ansiedad, extress","No ver solución a sus problemas","El último va más hacia la cura con medicación","Para arreglar un desajuste de ánimo"
"2019/05/12 8:20:21 p. m. EET","ayudar","controlar tus emociones","el mejor estado posible","un estado negativo","la autoestima baja ayuda mucho a tener depresión
","medicación?","las que no puedes controlar tu mismo","pueden ser muchas pero sobre todo que no sabes superar los problemas por ti mismo","la medicación es el psiquiatra y el psicólogo ayuda","hay muchos, crisis existencial por ejemplo?"
"2019/05/12 8:21:53 p. m. EET","Ayudar mentalmente a las personas a encontrar su equilibrio","La distinción de cada  sentimientos ","Ser positivo y encontrarse agusto con uno mismo y los Seres queridos","La negatividad y la falta de equilibrio emocional","Por no saber como alcanzar la felicidad o lo que ellos creen que es la felicidad","Creo que si alguien no quiere ser ayudado es muy dificil que un psicologo pueda ayudar","Bipolaridad y depresión, ","No saben como afrontar un problema o directamente no encuentran sentido a seguir viviendo por diversas razones","Psicologo aayuda mentalmente a a frontar el problema antes de que el mismo deba ser tratado farmacológicamente, y psiquiatra aquel que trata farmacológicamente al paciente a fin de controlar artificialmente los sentimientos para crear un equilibrio","Depresión o mentalidad muy negativa por largo periodo de tiempo "
"2019/05/12 11:50:24 p. m. EET","Ayudar a mantener una buena salud mental","Capacidad de interpretar y entender sentimientos de las personas","La capacidad de adaptación en todas las etapas y circunstancias de la vida","Un estado de tristeza","Cuando no somos capaces de superar situaciones complicadas","No podría ayudar sin la voluntad de querer ser ayudado/a","Depresión, fobia, ansiedad","Depresión,ansiedad, situaciones difíciles de afrontar emocionalmente","Un psiquiatra puede tratarte de forma conjunta con medicamentos y un psicólogo solo con terapia","En casos de no poder ayudarme a mi misma ante un problema emocional"
"2019/05/13 9:23:51 a. m. EET","Médico ","Conocerte","Disfrutar la vida","Verlo todo oscuro,","No ser fuerte de mente, para ver la solución ","No puede","Depresión, ","Depresión, poca autoestima ","Poder recetar fármacos ","Si me noto deprimido, aunque igual es conveniente revisiónes periódicas "
"2019/05/14 9:09:37 p. m. EET","Persona que estudia el comportamiento humano","La capacidad de gestionar tus emociones y adecuarte a las circunstancias.","Ser honesto y auténtico en cada parcela de mi vida","No poder ser tú! Sufrimiento.","Porque no te dejes expresar, por las circunstancias externas, por que hayas sufrido un acontecimiento traumático en tu vida.","Lo veo difícil! Desde mi punto de vista, es importante que la persona quiera ser ayudada.","Depresión, ansiedad, estrés...","Por que no encuentra la manera de salir de la situación que le genera malestar","Fundamentalmente la utilización de las herramientas que poseen los psiquiatras prescriben medicación, como los psicólogos clínicos (PYR, hospitalarios) y los psicólogos utilizan otras como las comportamentales.","Como soy psicólogo, considero que siempre que fuera necesario para tener tranquilidad en la vida. "
"2019/05/14 10:33:21 p. m. EET","Hacerte comprender tu problema ","Enseñar a traves de los sentidos","Estar alegre y poco preocupado por las cosas","Es cuando todo se te hace un mundo y no hay forma de salir de ahi ","Por causas fisicas o emocionales","Tratando de generar confianza y hacer ver que eres tu mismo el que te ayudaras a traves de tus conclusiones","Depresion, ansiedad, ","Porque no llego a tener cerca a la gente que podía ayudarla. Cuando la gente se deprime entra en una situacion dificil de aguantar y ellos mismos se separan de la gente que les puede ayudar","El psicologo te ayuda a afrontar el problema desde las palabras y el psiquiatra nivela la quimica del cuerpo con la medicacion","En los que me encontrara mal"
"2019/05/14 10:37:38 p. m. EET","Ayudar","Estar presente","Estado de tranquilidad y ser uno mismo","Estado de no encontrarse bien con uno mismo","Por situaciones que superan nuestras creencias","A través de familiares cercanos","Depresión, bulimia y anorexia","Por el estrés que sufrimos actualmente","Psiquiatra manda pastillas, spicologo ayuda","Momentos de no saber gestionar alguna situación"
"2019/05/14 10:50:22 p. m. EET","Ayudar a los perdidos","Algo muy importante pero que no se educa","Estar sin conflictos mentales y sentir la sonrisa. ","Algo muy complicado. Falta de conocimiento de uno mismo. Estar perdido","Falta de autoestima. No conocer las fortalezas propias. Y medios","Teniendo la capacidad de llegar al interior de la persona depresiva. Y siendo empatico.","Depresion. Ansiedad. Complejos varios...","No se quieren. Autoestima por los suelos. No tienen buena ayuda. ","Psicologo debe conocer mas a la persona buscando emociones y encontrando el origen. Psiquiatra conoce que existe un problema y medica para solucionar psicamente","Se deberia de ir en el primer momento que se detecta que no se esta bien. Pero nos han educado como que es de locos. Se va cuando la cosa esta muy negra. Y deberia ser al principio"
"2019/05/14 10:59:59 p. m. EET","Intentar sacar verdades","Gestionar emociones","No tener obligaciones","Dificultad para gestionar las emociones diarias","Un problema  fisico o emocional","Escuchando. ","Depresion, ansiedad, ","No aguanta dolor y peso de lo que tenga en la cabeza. ","Psicologo escucha da pautas.... Psiquiatra lo mismo pero ayuda con medicamentos","En el momento que me de cuenta que necesito ayuda para superar el problema"
"2019/05/14 11:31:36 p. m. EET","Analizar, ayudar, detectar transitemos o conductas","Gestión de las emociones","El resultado de vivir desde el amor, alegria, crear valor y recibir","Enfermedad en la que la persona no está en una capacidad metal adecuada","Vicios, situaciones de pérdida, incomprensión, no aceptacion","Haciéndole ver sus necesidades mediante técnicas prácticas ","No se","Infelicidad, autoexigencia, insatisfacción ","El poder administrar medicación???","Bloqueos, apoyo, ansiedad, problemas de conducta en niños, aprendizaje o desarrollo"
"2019/05/14 11:31:45 p. m. EET","Analizar, ayudar, detectar transitemos o conductas","Gestión de las emociones","El resultado de vivir desde el amor, alegria, crear valor y recibir","Enfermedad en la que la persona no está en una capacidad metal adecuada","Vicios, situaciones de pérdida, incomprensión, no aceptacion","Haciéndole ver sus necesidades mediante técnicas prácticas ","No se","Infelicidad, autoexigencia, insatisfacción ","El poder administrar medicación???","Bloqueos, apoyo, ansiedad, problemas de conducta en niños, aprendizaje o desarrollo"
"2019/05/15 7:59:35 a. m. EET","orientador","reconocimiento de emociones para poder gestionarlas","una emoción","enfermedad","por no saber gestionar las emociones","Creo que no es posible, la negación no permite recibir ayuda","depresión, bipolaridad","frustración, están educando en un ámbito de burbujas de cristal, hace a los niños inseguros y déspotas, al madurar no lo hacen con todas las herramientas, eso frustra a las personas y en conclusión consideran que vivir no merece la pena, no hay educación en valores de sacrificio, etc","la medicina","Cuando necesitara ayuda para gestionar mis emociones, si no conociera las herramientas para ello."
"2019/05/15 10:40:04 a. m. EET","Ayudar a las personas para que aprendan a gestionar las emociones","Saber entender y gestionar los sentimientos y emociones en diferentes situaciones","Saber disfrutar de lo que tenemos en cada momento ","Angustia y tristeza ","Por no saber alcanzar la felicidad ","Con paciencia buscando diferentes enfoques hasta encontrar aquel con el que el paciente se sienta más cómodo y sea más receptivo ","Depresión, TOC, trastornos alimenticios ","Las personas llegan a un punto en las que creen que no hay salida para su situación. No encuentran ayuda en la gente que les rodea y sienten que nada mejorará ","Un psiquiatra estudia medicina y trata las enfermedades con fármacos y un psicólogo estudia psicología y trata las enfermedades ayudando a los pacientes a gestionar los sentimientos y emociones ","Si estuviera ante una situación  que creo que me supera. Relación personal tóxica, si no encuentro nada que me haga feliz. .."
"2019/05/15 10:48:07 a. m. EET","Ayudar a cambiar el foco del paciente ","Es la capacidad de conocer nuestras emociones, con la intención de aplicarlas en nuestras relaciones con nosotros y con el resto","La felicidad reside en mí y en cómo afronto mi vida ","Es es estado de tristeza mayor ","Por poner tus problemas en el centro de tu universo ","A reenfocar la situación ","Depresión y ansiedad ","Por creer que esa es la única solución ","Psicolo trata conductas y comportamientos y el psiquiatra enfermedades mentales ","En el caso de sentirme perdida, triste y perdida "
"2019/05/15 2:25:58 p. m. EET","Entender el comportamiento de las personas ","No lo se","Estar bien contigo y con los demas","Estado anímico  muy bajo continuamente ","Muchas causas","Buscando la manera ","No lo se","Situación límite ","Uno mira el comportamiento y el otro aparte te da un tratamiento ","Cuando no encuentre explicación a a algun problema"
"2019/05/17 9:45:27 a. m. EET","Un médico de las emociones, de los sentimientos","Saber gestionar esas emociones y sentimientos","Poder disfrutar de las cosas con los míos, verlos bien, verlos felices. Sentirte querida","Sentir infelicidad sin control","Porque tus seres queridos lo estén pasando mal. Por no sentirte querido","","Depresión y ansiedad","Depresión, infelicidad, sentirse solos y sin cariño ","Los psiquiatras tratan a pacientes con problemas patológicos, enfermedades, ej: esquizofrenia
Los psicólogos tratan las emociones y los sentimientos, no necesariamente tiene que haber una patología ","Divorcio, problemas laborales, enfermedad de un familiar o amigo"